{
 "name": "h.0.mlp.c_fc.weight",
 "shape": [
  768,
  3072
 ],
 "n": 2359296,
 "first8": [
  0.094202,
  0.09824,
  -0.032102,
  0.067147,
  -0.115445,
  0.002602,
  0.004777,
  -0.134973
 ],
 "stats": {
  "min": -2.313081,
  "max": 4.587719,
  "mean": -0.000749,
  "std": 0.141169
 },
 "rmse": {
  "b4_g64": 0.0175138,
  "b4_g128": 0.0197094,
  "b8_g64": 0.0009739,
  "b8_g128": 0.0011011
 }
}